year,access_optimistic,access_base,access_pessimistic,usage_optimistic,usage_base,usage_pessimistic
2025,54.24137931034511,49.0,50.0,12.87232698126679,11.927326981266788,10.793326981266787
2026,56.94827586206975,54.28605095012654,51.0,17.534053112449627,15.054087716196268,12.327609240692235
2027,59.65517241379348,56.92547232523947,52.0,23.884028039190508,19.000531914893617,14.079991262653682
